Date, Open, High, Low, Close, Volume
10/08/21, 3.75, 3.83, 3.68, 3.68, 19412000
10/07/21, 3.72, 3.78, 3.69, 3.69, 14728000
10/06/21, 3.70, 3.73, 3.67, 3.70, 32505000
10/05/21, 3.70, 3.72, 3.67, 3.70, 9771000
10/04/21, 3.64, 3.75, 3.64, 3.72, 7387000
10/01/21, 3.68, 3.72, 3.63, 3.63, 8350000
09/30/21, 3.65, 3.71, 3.65, 3.65, 16324000
09/29/21, 3.73, 3.73, 3.62, 3.65, 26262000
09/28/21, 3.75, 3.75, 3.72, 3.73, 18694000
09/27/21, 3.80, 3.81, 3.71, 3.72, 18820000
09/24/21, 3.81, 3.83, 3.80, 3.81, 7902000
09/23/21, 3.74, 3.82, 3.74, 3.79, 7605000
09/22/21, 3.78, 3.80, 3.72, 3.72, 11828000
09/21/21, 3.72, 3.83, 3.68, 3.78, 6482000
09/20/21, 3.86, 3.86, 3.72, 3.74, 13571000
09/17/21, 3.79, 3.84, 3.78, 3.84, 14635000
09/16/21, 3.76, 3.80, 3.73, 3.79, 10809000
09/15/21, 3.78, 3.82, 3.76, 3.76, 9294000
09/14/21, 3.87, 3.90, 3.77, 3.77, 25086000
09/13/21, 3.85, 3.89, 3.83, 3.85, 10160000
09/10/21, 3.89, 3.91, 3.85, 3.90, 11749000
09/09/21, 3.90, 3.94, 3.88, 3.89, 9650000
09/08/21, 3.88, 3.91, 3.84, 3.90, 11932000
09/07/21, 3.90, 3.92, 3.89, 3.89, 8520000
09/06/21, 3.88, 3.93, 3.88, 3.92, 3747000
09/03/21, 3.88, 3.93, 3.88, 3.89, 31935000
09/02/21, 3.89, 3.92, 3.86, 3.89, 14798000
09/01/21, 3.82, 3.90, 3.82, 3.87, 15283000
08/31/21, 3.87, 3.89, 3.80, 3.85, 50055000
08/27/21, 3.86, 3.90, 3.85, 3.87, 3675000
08/26/21, 3.88, 3.99, 3.83, 3.86, 79735000
08/25/21, 3.88, 3.93, 3.87, 3.90, 16662000
08/24/21, 3.83, 3.88, 3.80, 3.88, 18061000
08/23/21, 3.84, 3.85, 3.81, 3.83, 12493000
08/20/21, 3.88, 3.89, 3.82, 3.84, 18853000
08/19/21, 3.90, 3.90, 3.80, 3.84, 13927000
08/18/21, 3.86, 3.93, 3.82, 3.90, 18743000
08/17/21, 3.77, 3.89, 3.77, 3.86, 11544000
08/16/21, 3.72, 3.78, 3.71, 3.76, 6712000
08/13/21, 3.75, 3.75, 3.68, 3.72, 12717000
08/12/21, 3.80, 3.80, 3.75, 3.77, 8796000
08/11/21, 3.72, 3.80, 3.72, 3.80, 8468000
08/10/21, 3.75, 3.76, 3.70, 3.72, 5783000
08/09/21, 3.70, 3.78, 3.69, 3.75, 12010000
08/06/21, 3.70, 3.75, 3.68, 3.70, 13932000
08/05/21, 3.69, 3.70, 3.61, 3.70, 7079000
08/04/21, 3.64, 3.69, 3.62, 3.64, 7284000
08/03/21, 3.58, 3.62, 3.49, 3.60, 20736000
08/02/21, 3.50, 3.60, 3.50, 3.57, 9986000
07/30/21, 3.64, 3.65, 3.50, 3.50, 23258000
07/29/21, 3.58, 3.65, 3.56, 3.60, 27175000
07/28/21, 3.60, 3.62, 3.55, 3.57, 17415000
07/27/21, 3.50, 3.62, 3.50, 3.55, 7683000
07/26/21, 3.57, 3.60, 3.50, 3.50, 11892000
07/23/21, 3.66, 3.66, 3.54, 3.55, 14723000
07/22/21, 3.56, 3.65, 3.56, 3.65, 9422000
07/21/21, 3.70, 3.70, 3.53, 3.56, 24102000
07/19/21, 3.73, 3.73, 3.63, 3.66, 19589000
07/16/21, 3.79, 3.85, 3.70, 3.78, 14104000
07/15/21, 3.86, 3.86, 3.79, 3.79, 6251000
07/14/21, 3.80, 3.87, 3.80, 3.83, 10328000
07/13/21, 3.81, 3.86, 3.80, 3.80, 9874000
07/12/21, 3.78, 3.82, 3.78, 3.78, 8696000
07/09/21, 3.86, 3.90, 3.75, 3.75, 28787000
07/08/21, 3.88, 3.95, 3.85, 3.85, 26218000
07/07/21, 3.94, 3.94, 3.87, 3.87, 54312000
07/06/21, 3.96, 3.98, 3.92, 3.92, 30552000
07/05/21, 3.94, 4.01, 3.92, 3.93, 25177000
07/02/21, 3.94, 3.96, 3.92, 3.94, 5513000
07/01/21, 3.93, 3.97, 3.91, 3.91, 8956000
06/30/21, 3.93, 4.00, 3.87, 3.89, 26972000
06/29/21, 3.92, 3.98, 3.92, 3.93, 22611000
06/28/21, 3.91, 3.98, 3.90, 3.90, 16749000
06/25/21, 3.93, 3.97, 3.90, 3.90, 24450000
06/24/21, 4.06, 4.07, 3.92, 3.92, 32560000
06/23/21, 4.04, 4.08, 4.00, 4.02, 16249000
06/22/21, 4.00, 4.08, 4.00, 4.04, 5605000
06/21/21, 4.01, 4.09, 3.95, 3.95, 24994000
06/18/21, 4.02, 4.10, 4.01, 4.01, 18913000
06/17/21, 4.09, 4.09, 4.01, 4.03, 10349000
06/16/21, 4.09, 4.13, 4.05, 4.08, 13562000
06/15/21, 4.10, 4.14, 4.07, 4.09, 17643000
06/14/21, 4.06, 4.09, 4.03, 4.09, 12446000
06/11/21, 4.06, 4.11, 4.05, 4.05, 23246000
06/10/21, 4.15, 4.15, 4.05, 4.06, 9808000
06/09/21, 4.07, 4.18, 4.06, 4.15, 33641000
06/08/21, 4.07, 4.07, 4.02, 4.07, 5568000
06/07/21, 4.06, 4.08, 4.04, 4.07, 4551000
06/04/21, 4.02, 4.05, 4.01, 4.05, 15027000
06/03/21, 4.05, 4.05, 3.98, 4.01, 12594000
06/02/21, 3.95, 4.04, 3.95, 4.04, 26789000
06/01/21, 3.98, 3.99, 3.89, 3.94, 10300000
05/31/21, 3.93, 3.98, 3.91, 3.98, 14089000
05/28/21, 3.92, 3.96, 3.89, 3.93, 24438000
05/27/21, 3.85, 3.95, 3.84, 3.92, 97341000
05/26/21, 3.73, 3.86, 3.73, 3.81, 14381000
05/25/21, 3.65, 3.74, 3.62, 3.73, 22008000
05/24/21, 3.74, 3.74, 3.61, 3.61, 13074000
05/21/21, 3.72, 3.74, 3.68, 3.74, 7239000
05/20/21, 3.65, 3.72, 3.62, 3.70, 20199000
05/19/21, 3.75, 3.75, 3.60, 3.60, 41148000
05/18/21, 3.85, 3.85, 3.73, 3.75, 13579000
05/17/21, 3.70, 3.85, 3.68, 3.85, 23318000
05/14/21, 3.68, 3.68, 3.56, 3.66, 26306000
05/12/21, 3.82, 3.83, 3.64, 3.64, 35383000
05/11/21, 3.91, 3.95, 3.79, 3.81, 27732000
05/10/21, 3.99, 3.99, 3.93, 3.93, 11817000
05/07/21, 4.08, 4.09, 3.96, 3.96, 12121000
05/06/21, 4.00, 4.09, 4.00, 4.08, 10338000
05/05/21, 4.09, 4.09, 4.00, 4.00, 4821000
05/04/21, 4.06, 4.10, 4.03, 4.10, 5777000
05/03/21, 4.05, 4.10, 4.04, 4.07, 6075000
04/30/21, 4.10, 4.10, 4.05, 4.05, 8409000
04/29/21, 4.02, 4.14, 4.00, 4.12, 15318000
04/28/21, 4.00, 4.04, 3.98, 3.98, 19005000
04/27/21, 4.00, 4.04, 3.97, 4.04, 4562000
04/26/21, 3.99, 4.00, 3.94, 4.00, 6707000
04/23/21, 3.90, 4.02, 3.90, 4.01, 5727000
04/22/21, 4.06, 4.06, 3.86, 3.88, 23343000
04/21/21, 3.97, 4.10, 3.96, 4.02, 10094000
04/20/21, 4.00, 4.00, 3.95, 3.99, 4348000
04/19/21, 4.01, 4.01, 3.92, 3.98, 12925000
04/16/21, 3.95, 4.05, 3.93, 4.05, 4784000
04/15/21, 3.91, 3.95, 3.89, 3.95, 25802000
04/14/21, 3.94, 3.97, 3.90, 3.92, 20096000
04/13/21, 3.91, 4.04, 3.91, 3.95, 44901000
04/12/21, 4.10, 4.10, 3.91, 3.91, 9592000
04/08/21, 4.10, 4.12, 4.05, 4.05, 20378000
04/07/21, 3.95, 4.15, 3.95, 4.15, 63686000
04/06/21, 3.90, 3.96, 3.89, 3.92, 10302000
04/05/21, 3.79, 4.00, 3.74, 3.89, 23159000
03/31/21, 3.79, 3.79, 3.74, 3.74, 18352000
03/30/21, 3.90, 3.90, 3.69, 3.69, 19730000
03/29/21, 3.71, 3.90, 3.70, 3.76, 18265000
03/26/21, 3.73, 3.80, 3.72, 3.72, 12853000
03/25/21, 3.79, 3.81, 3.72, 3.73, 29065000
03/24/21, 3.78, 3.82, 3.71, 3.74, 30652000
03/23/21, 3.77, 3.81, 3.75, 3.78, 18658000
03/22/21, 3.75, 3.81, 3.70, 3.78, 10599000
03/19/21, 3.93, 3.94, 3.85, 3.86, 19078000
03/18/21, 3.88, 3.97, 3.86, 3.93, 14231000
03/17/21, 3.80, 3.88, 3.80, 3.86, 6265000
03/16/21, 3.78, 3.87, 3.76, 3.78, 12416000
03/15/21, 3.95, 3.95, 3.68, 3.78, 28544000
03/12/21, 3.97, 4.01, 3.97, 3.99, 4950000
03/11/21, 4.03, 4.05, 3.95, 3.95, 10738000
03/10/21, 3.97, 4.08, 3.97, 4.01, 15237000
03/09/21, 4.00, 4.04, 3.95, 3.96, 24227000
03/08/21, 4.10, 4.10, 3.98, 4.00, 17593000
03/05/21, 4.13, 4.14, 4.09, 4.11, 10248000
03/04/21, 4.13, 4.17, 4.09, 4.13, 23868000
03/03/21, 4.08, 4.11, 4.06, 4.09, 15045000
03/02/21, 4.16, 4.16, 4.04, 4.05, 35245000
03/01/21, 4.16, 4.17, 4.12, 4.16, 25738000
02/26/21, 4.15, 4.15, 4.06, 4.07, 42109000
02/24/21, 4.19, 4.19, 4.10, 4.17, 15950000
02/23/21, 4.15, 4.19, 4.07, 4.19, 31220000
02/22/21, 4.16, 4.19, 4.14, 4.15, 12549000
02/19/21, 4.17, 4.20, 4.16, 4.20, 17373000
02/18/21, 4.21, 4.22, 4.16, 4.16, 21243000
02/17/21, 4.24, 4.24, 4.18, 4.21, 13431000
02/16/21, 4.17, 4.23, 4.16, 4.17, 12887000
02/15/21, 4.21, 4.27, 4.15, 4.18, 15156000
02/11/21, 4.26, 4.30, 4.20, 4.20, 21487000
02/10/21, 4.30, 4.31, 4.25, 4.25, 19278000
02/09/21, 4.36, 4.36, 4.29, 4.30, 9263000
02/08/21, 4.26, 4.36, 4.21, 4.36, 19303000
02/05/21, 4.25, 4.26, 4.20, 4.25, 20738000
02/04/21, 4.29, 4.29, 4.19, 4.24, 14276000
02/03/21, 4.19, 4.29, 4.18, 4.25, 47736000
02/02/21, 4.10, 4.17, 4.10, 4.15, 9831000
02/01/21, 4.04, 4.15, 4.04, 4.08, 25587000
01/29/21, 4.10, 4.18, 4.03, 4.04, 30957000
01/28/21, 4.10, 4.20, 4.07, 4.10, 20513000
01/27/21, 4.16, 4.20, 4.06, 4.20, 26036000
01/26/21, 4.29, 4.29, 4.16, 4.20, 18957000
01/25/21, 4.30, 4.32, 4.26, 4.29, 13604000
01/22/21, 4.31, 4.31, 4.20, 4.30, 22447000
01/21/21, 4.32, 4.34, 4.27, 4.31, 21378000
01/20/21, 4.36, 4.38, 4.27, 4.30, 30362000
01/19/21, 4.38, 4.39, 4.34, 4.39, 11820000
01/18/21, 4.44, 4.44, 4.31, 4.38, 15706000
01/15/21, 4.35, 4.46, 4.34, 4.45, 24677000
01/14/21, 4.30, 4.38, 4.26, 4.35, 30760000
01/13/21, 4.36, 4.39, 4.33, 4.34, 18848000
01/12/21, 4.45, 4.47, 4.32, 4.35, 18119000
01/11/21, 4.41, 4.48, 4.39, 4.45, 17095000
01/08/21, 4.23, 4.49, 4.22, 4.49, 29255000
01/07/21, 4.21, 4.23, 4.16, 4.22, 14007000
01/06/21, 4.26, 4.26, 4.11, 4.21, 18535000
01/05/21, 4.21, 4.26, 4.18, 4.26, 28166000
01/04/21, 4.30, 4.30, 4.20, 4.26, 16872000
12/29/20, 4.29, 4.33, 4.26, 4.28, 18094000
12/28/20, 4.15, 4.28, 4.15, 4.27, 16886000
12/23/20, 4.13, 4.22, 4.10, 4.18, 19585000
12/22/20, 4.31, 4.31, 4.15, 4.17, 49167000
12/21/20, 4.36, 4.38, 4.27, 4.34, 30455000
12/18/20, 4.36, 4.39, 4.33, 4.39, 22092000
12/17/20, 4.43, 4.43, 4.32, 4.32, 16155000
12/16/20, 4.35, 4.42, 4.31, 4.40, 37808000
12/15/20, 4.42, 4.43, 4.29, 4.29, 45951000
12/14/20, 4.42, 4.45, 4.38, 4.40, 27331000
12/11/20, 4.38, 4.50, 4.35, 4.39, 36355000
12/10/20, 4.39, 4.39, 4.33, 4.33, 28573000
12/09/20, 4.48, 4.48, 4.32, 4.39, 85933000
12/07/20, 4.54, 4.58, 4.45, 4.55, 22782000
12/04/20, 4.52, 4.55, 4.41, 4.55, 46721000
12/03/20, 4.29, 4.50, 4.20, 4.50, 60700000
12/02/20, 4.23, 4.30, 4.19, 4.23, 29673000
12/01/20, 4.11, 4.23, 4.11, 4.23, 26729000
11/27/20, 4.20, 4.23, 4.10, 4.10, 92748000
11/26/20, 4.14, 4.19, 4.11, 4.19, 24581000
11/25/20, 4.22, 4.33, 4.12, 4.13, 38099000
11/24/20, 4.39, 4.40, 4.17, 4.19, 45137000
11/23/20, 4.23, 4.38, 4.22, 4.30, 49782000
11/20/20, 4.19, 4.20, 4.12, 4.14, 71962000
11/19/20, 4.26, 4.27, 4.15, 4.15, 42735000
11/18/20, 4.19, 4.28, 4.18, 4.25, 35019000
11/17/20, 4.20, 4.23, 4.17, 4.19, 15703000
11/16/20, 4.17, 4.21, 4.12, 4.20, 28406000
11/13/20, 4.16, 4.24, 4.16, 4.17, 31980000
11/11/20, 4.29, 4.30, 4.23, 4.26, 25565000
11/10/20, 4.25, 4.30, 4.20, 4.29, 48855000
11/09/20, 4.15, 4.23, 4.13, 4.20, 39729000
11/06/20, 4.14, 4.17, 4.06, 4.13, 33958000
11/05/20, 4.05, 4.13, 4.05, 4.13, 31448000
11/04/20, 4.00, 4.12, 4.00, 4.04, 23637000
11/03/20, 4.01, 4.01, 3.97, 4.00, 10843000
10/30/20, 4.00, 4.02, 3.97, 4.01, 50634000
10/29/20, 3.98, 4.00, 3.96, 4.00, 49222000
10/28/20, 4.01, 4.06, 4.01, 4.01, 27390000
10/27/20, 4.01, 4.02, 3.96, 4.01, 46577000
10/26/20, 4.07, 4.10, 4.00, 4.01, 26326000
10/23/20, 4.01, 4.14, 4.01, 4.04, 37371000
10/22/20, 3.97, 4.03, 3.97, 3.99, 79568000
10/21/20, 4.01, 4.02, 3.94, 3.95, 52458000
10/20/20, 4.00, 4.05, 3.99, 4.01, 55477000
10/19/20, 4.01, 4.04, 3.98, 4.01, 40360000
10/16/20, 3.92, 4.01, 3.87, 4.01, 74540000
10/15/20, 3.95, 3.99, 3.87, 3.97, 61833000
10/14/20, 3.81, 3.96, 3.80, 3.95, 57333000
10/13/20, 3.87, 3.93, 3.76, 3.76, 61226000
10/12/20, 4.04, 4.04, 3.87, 3.87, 63970000
10/09/20, 4.04, 4.05, 3.95, 4.04, 103110000
10/08/20, 3.91, 4.10, 3.91, 4.04, 104208000
10/07/20, 3.84, 3.93, 3.83, 3.90, 101559000
10/06/20, 3.80, 3.83, 3.76, 3.83, 86550000
10/05/20, 3.80, 3.83, 3.70, 3.80, 117639000
10/02/20, 3.66, 3.78, 3.66, 3.70, 98622000
10/01/20, 3.50, 3.61, 3.49, 3.55, 23834000
09/30/20, 3.48, 3.54, 3.48, 3.49, 10731000
09/29/20, 3.50, 3.56, 3.48, 3.48, 31665000
09/28/20, 3.48, 3.50, 3.42, 3.50, 9893000
09/25/20, 3.40, 3.50, 3.38, 3.44, 11493000
09/24/20, 3.41, 3.42, 3.35, 3.40, 12076000
09/23/20, 3.43, 3.46, 3.40, 3.40, 9489000
09/22/20, 3.47, 3.47, 3.40, 3.43, 11686000
09/21/20, 3.45, 3.49, 3.44, 3.47, 11348000
09/18/20, 3.42, 3.47, 3.40, 3.44, 19440000
09/17/20, 3.52, 3.52, 3.38, 3.40, 24123000
09/16/20, 3.56, 3.57, 3.50, 3.52, 7663000
09/15/20, 3.51, 3.57, 3.51, 3.55, 16151000
09/14/20, 3.54, 3.56, 3.51, 3.52, 12911000
09/11/20, 3.44, 3.54, 3.43, 3.54, 11268000
09/10/20, 3.50, 3.56, 3.45, 3.45, 19276000
09/09/20, 3.53, 3.54, 3.45, 3.50, 17788000
09/08/20, 3.37, 3.57, 3.36, 3.54, 34339000
09/07/20, 3.35, 3.38, 3.30, 3.38, 28625000
09/04/20, 3.25, 3.35, 3.24, 3.35, 10082000
09/03/20, 3.28, 3.31, 3.23, 3.29, 17109000
09/02/20, 3.33, 3.35, 3.24, 3.28, 7595000
09/01/20, 3.34, 3.34, 3.25, 3.33, 30104000
08/28/20, 3.42, 3.45, 3.32, 3.36, 52867000
08/27/20, 3.33, 3.42, 3.29, 3.41, 39399000
08/26/20, 3.18, 3.36, 3.16, 3.33, 47118000
08/25/20, 3.18, 3.21, 3.16, 3.18, 17786000
08/24/20, 3.20, 3.23, 3.18, 3.21, 15190000
08/20/20, 3.26, 3.26, 3.17, 3.21, 16310000
08/19/20, 3.35, 3.36, 3.26, 3.26, 25904000
08/18/20, 3.32, 3.35, 3.26, 3.33, 17042000
08/17/20, 3.35, 3.35, 3.22, 3.33, 14237000
08/14/20, 3.38, 3.39, 3.23, 3.35, 35905000
08/13/20, 3.30, 3.39, 3.27, 3.37, 18515000
08/12/20, 3.21, 3.29, 3.18, 3.29, 25879000
08/11/20, 3.30, 3.31, 3.21, 3.21, 20018000
08/10/20, 3.25, 3.31, 3.24, 3.26, 18508000
08/07/20, 3.21, 3.25, 3.17, 3.22, 15160000
08/06/20, 3.10, 3.26, 3.10, 3.20, 44321000
08/05/20, 3.07, 3.14, 3.07, 3.11, 29145000
08/04/20, 3.01, 3.09, 3.01, 3.07, 28928000
08/03/20, 3.01, 3.12, 2.97, 3.00, 46523000
07/30/20, 3.15, 3.18, 3.08, 3.12, 23606000
07/29/20, 3.09, 3.18, 3.03, 3.18, 13121000
07/28/20, 3.00, 3.16, 2.91, 3.06, 43900000
07/27/20, 3.15, 3.18, 3.01, 3.02, 24280000
07/24/20, 3.17, 3.23, 3.12, 3.15, 10596000
07/23/20, 3.32, 3.35, 3.14, 3.19, 29905000
07/22/20, 3.36, 3.41, 3.31, 3.31, 19738000
07/21/20, 3.40, 3.40, 3.34, 3.36, 11603000
07/20/20, 3.25, 3.43, 3.23, 3.41, 13109000
07/17/20, 3.40, 3.40, 3.20, 3.26, 21595000
07/16/20, 3.19, 3.38, 3.19, 3.33, 29815000
07/15/20, 3.36, 3.37, 3.17, 3.17, 61764000
07/14/20, 3.45, 3.45, 3.33, 3.36, 41630000
07/13/20, 3.56, 3.56, 3.35, 3.48, 35010000
07/10/20, 3.58, 3.61, 3.50, 3.55, 21177000
07/09/20, 3.60, 3.65, 3.58, 3.62, 18846000
07/08/20, 3.62, 3.68, 3.58, 3.62, 24272000
07/07/20, 3.72, 3.73, 3.61, 3.61, 26261000
07/06/20, 3.68, 3.73, 3.67, 3.70, 19862000
07/03/20, 3.75, 3.80, 3.67, 3.68, 24709000
07/02/20, 3.63, 3.72, 3.57, 3.70, 48016000
07/01/20, 3.70, 3.70, 3.58, 3.62, 41387000
06/30/20, 3.72, 3.78, 3.70, 3.70, 23285000
06/29/20, 3.74, 3.78, 3.68, 3.70, 42431000
06/26/20, 3.69, 3.80, 3.69, 3.80, 31630000
06/25/20, 3.83, 3.84, 3.65, 3.67, 82201000
06/24/20, 3.84, 3.93, 3.84, 3.88, 83192000
06/23/20, 3.78, 3.87, 3.75, 3.82, 70385000
06/22/20, 3.79, 3.79, 3.62, 3.70, 63176000
06/19/20, 3.57, 3.83, 3.56, 3.79, 156148000
06/18/20, 3.50, 3.59, 3.44, 3.59, 66474000
06/17/20, 3.48, 3.51, 3.45, 3.49, 59958000
06/16/20, 3.40, 3.49, 3.40, 3.45, 44431000
06/15/20, 3.40, 3.45, 3.37, 3.38, 47875000
06/11/20, 3.47, 3.51, 3.37, 3.51, 36659000
06/10/20, 3.49, 3.51, 3.42, 3.50, 46738000
06/09/20, 3.58, 3.58, 3.43, 3.55, 45687000
06/08/20, 3.42, 3.60, 3.35, 3.58, 79771000
06/05/20, 3.32, 3.38, 3.18, 3.38, 51714000
06/04/20, 3.15, 3.31, 3.13, 3.31, 110324000
06/03/20, 3.18, 3.20, 3.04, 3.17, 58851000
06/02/20, 3.11, 3.17, 3.07, 3.17, 62572000
06/01/20, 2.89, 3.12, 2.84, 3.12, 78931000
05/29/20, 2.84, 2.89, 2.79, 2.89, 76466000
05/28/20, 2.77, 2.83, 2.70, 2.83, 63638000
05/27/20, 2.62, 2.75, 2.55, 2.75, 38658000
05/26/20, 2.70, 2.72, 2.60, 2.60, 42325000
05/22/20, 2.79, 2.80, 2.67, 2.67, 32826000
05/21/20, 2.78, 2.80, 2.74, 2.80, 13431000
05/20/20, 2.78, 2.81, 2.73, 2.73, 24789000
05/19/20, 2.75, 2.80, 2.74, 2.78, 25796000
05/18/20, 2.76, 2.76, 2.70, 2.70, 11195000
05/15/20, 2.75, 2.80, 2.66, 2.75, 51351000
05/14/20, 2.80, 2.80, 2.72, 2.75, 30749000
05/13/20, 2.90, 2.90, 2.75, 2.80, 50412000
05/12/20, 2.93, 2.94, 2.88, 2.90, 30992000
05/11/20, 2.90, 2.97, 2.88, 2.97, 47348000
05/08/20, 2.75, 2.90, 2.75, 2.86, 81825000
05/07/20, 2.78, 2.79, 2.66, 2.75, 94834000
05/06/20, 2.94, 2.98, 2.76, 2.78, 135195016
05/05/20, 2.67, 2.85, 2.66, 2.85, 182694000
05/04/20, 2.55, 2.55, 2.50, 2.51, 39291000
04/30/20, 2.56, 2.61, 2.56, 2.57, 46462000
04/29/20, 2.53, 2.55, 2.51, 2.52, 28672000
04/28/20, 2.58, 2.59, 2.48, 2.50, 39197000
04/27/20, 2.61, 2.62, 2.51, 2.53, 19525000
04/24/20, 2.68, 2.68, 2.58, 2.59, 29178000
04/23/20, 2.64, 2.69, 2.64, 2.66, 12999000
04/22/20, 2.63, 2.64, 2.60, 2.62, 26118000
04/21/20, 2.68, 2.70, 2.61, 2.67, 43409000
04/20/20, 2.77, 2.77, 2.62, 2.72, 35385000
04/17/20, 2.72, 2.74, 2.69, 2.70, 49596000
04/16/20, 2.75, 2.75, 2.60, 2.60, 75726000
04/15/20, 2.68, 2.80, 2.65, 2.80, 87965000
04/14/20, 2.52, 2.63, 2.52, 2.61, 72361000
04/13/20, 2.50, 2.55, 2.49, 2.50, 65914000
04/08/20, 2.53, 2.56, 2.48, 2.49, 51616000
04/07/20, 2.63, 2.66, 2.53, 2.54, 54924000
04/06/20, 2.51, 2.55, 2.48, 2.53, 39362000
04/03/20, 2.51, 2.54, 2.44, 2.46, 24218000
04/02/20, 2.46, 2.52, 2.46, 2.47, 29252000
04/01/20, 2.44, 2.55, 2.43, 2.55, 50193000
03/31/20, 2.50, 2.53, 2.42, 2.42, 110243000
03/30/20, 2.60, 2.62, 2.34, 2.40, 116262000
03/27/20, 2.76, 2.85, 2.54, 2.60, 76482000
03/26/20, 2.53, 2.73, 2.50, 2.71, 63682000
03/25/20, 2.51, 2.53, 2.40, 2.46, 57756000
03/24/20, 2.41, 2.42, 2.31, 2.33, 57216000
03/23/20, 2.60, 2.64, 2.28, 2.28, 63955000
03/20/20, 2.60, 2.84, 2.60, 2.68, 35312000
03/19/20, 2.85, 2.85, 2.58, 2.60, 80034000
03/16/20, 3.00, 3.14, 2.95, 3.00, 52602000
03/13/20, 2.84, 3.27, 2.61, 3.20, 110016000
03/12/20, 3.42, 3.44, 3.06, 3.06, 86573000
03/11/20, 3.51, 3.57, 3.44, 3.50, 64128000
03/10/20, 3.35, 3.57, 3.35, 3.50, 85728000
03/09/20, 3.48, 3.54, 3.39, 3.48, 96032000
03/06/20, 3.45, 3.66, 3.44, 3.62, 136875016
03/05/20, 3.48, 3.50, 3.39, 3.44, 51475000
03/04/20, 3.35, 3.54, 3.33, 3.44, 73544000
03/03/20, 3.25, 3.34, 3.22, 3.30, 61909000
03/02/20, 3.09, 3.29, 3.09, 3.20, 40596000
02/28/20, 3.05, 3.13, 3.01, 3.07, 59421000
02/27/20, 3.01, 3.13, 2.98, 3.07, 56638000
02/26/20, 2.98, 3.04, 2.87, 2.97, 45281000
02/24/20, 3.18, 3.18, 3.05, 3.06, 20033000
02/21/20, 3.20, 3.28, 3.17, 3.19, 75944000
02/20/20, 3.17, 3.24, 3.17, 3.19, 17031000
02/19/20, 3.13, 3.20, 3.13, 3.16, 23843000
02/18/20, 3.20, 3.23, 3.14, 3.14, 12054000
02/17/20, 3.14, 3.25, 3.14, 3.18, 15140000
02/14/20, 3.05, 3.16, 3.05, 3.07, 27641000
02/13/20, 3.05, 3.05, 2.97, 3.00, 22486000
02/12/20, 3.20, 3.20, 3.03, 3.05, 35329000
02/11/20, 3.23, 3.23, 3.15, 3.15, 24075000
02/10/20, 3.20, 3.24, 3.18, 3.23, 14829000
02/07/20, 3.21, 3.25, 3.19, 3.20, 22439000
02/06/20, 3.27, 3.29, 3.19, 3.21, 50718000
02/05/20, 3.25, 3.28, 3.22, 3.24, 38241000
02/04/20, 3.21, 3.28, 3.20, 3.25, 36078000
02/03/20, 3.30, 3.36, 3.19, 3.20, 45623000
01/31/20, 3.28, 3.41, 3.21, 3.21, 48288000
01/30/20, 3.22, 3.30, 3.21, 3.21, 47140000
01/29/20, 3.25, 3.28, 3.20, 3.21, 22601000
01/28/20, 3.22, 3.32, 3.18, 3.25, 19806000
01/27/20, 3.32, 3.32, 3.20, 3.24, 20565000
01/24/20, 3.50, 3.50, 3.32, 3.35, 25285000
01/23/20, 3.35, 3.50, 3.35, 3.47, 20142000
01/22/20, 3.18, 3.30, 3.16, 3.30, 18877000
01/21/20, 3.30, 3.30, 3.14, 3.20, 30666000
01/20/20, 3.42, 3.45, 3.28, 3.31, 32911000
01/17/20, 3.56, 3.59, 3.38, 3.50, 39894000
01/16/20, 3.70, 3.76, 3.52, 3.56, 23300000
01/15/20, 3.79, 3.79, 3.70, 3.70, 43778000
01/14/20, 3.70, 3.82, 3.66, 3.81, 42265000
01/10/20, 3.77, 3.77, 3.65, 3.74, 26681000
01/09/20, 3.54, 3.80, 3.54, 3.80, 40947000
01/08/20, 3.63, 3.63, 3.50, 3.55, 20196000
01/07/20, 3.49, 3.65, 3.41, 3.63, 123082000
01/06/20, 3.44, 3.49, 3.35, 3.49, 17740000
01/03/20, 3.36, 3.45, 3.30, 3.44, 16488000
01/02/20, 3.37, 3.38, 3.20, 3.36, 23307000
12/27/19, 3.58, 3.59, 3.46, 3.48, 60319000
12/26/19, 3.46, 3.63, 3.43, 3.58, 40252000
12/23/19, 3.30, 3.48, 3.30, 3.42, 41111000
12/20/19, 3.40, 3.40, 3.21, 3.26, 101799000
12/19/19, 3.48, 3.52, 3.37, 3.40, 78158000
12/18/19, 3.29, 3.49, 3.15, 3.49, 71994000
12/17/19, 3.13, 3.20, 2.94, 3.19, 99976000
12/16/19, 3.11, 3.23, 3.01, 3.05, 144807016
12/13/19, 2.82, 3.14, 2.76, 3.01, 234896000
12/12/19, 3.19, 3.29, 2.69, 2.69, 226936984
12/11/19, 3.72, 3.90, 3.13, 3.19, 131833000
12/10/19, 3.54, 3.72, 3.53, 3.67, 49530000
12/09/19, 3.68, 3.77, 3.53, 3.54, 81741000
12/06/19, 3.85, 3.96, 3.66, 3.66, 53370000
12/05/19, 3.92, 4.00, 3.80, 3.80, 56389000
12/04/19, 4.35, 4.35, 3.91, 3.92, 132303000
12/03/19, 4.40, 4.42, 4.37, 4.39, 17832000
12/02/19, 4.30, 4.42, 4.30, 4.37, 21270000
11/29/19, 4.28, 4.35, 4.28, 4.30, 12528000
11/28/19, 4.30, 4.36, 4.26, 4.26, 22571000
11/27/19, 4.34, 4.40, 4.30, 4.30, 28630000
11/26/19, 4.34, 4.38, 4.30, 4.31, 55884000
11/25/19, 4.40, 4.44, 4.29, 4.34, 14159000
11/22/19, 4.45, 4.49, 4.39, 4.39, 16844000
11/21/19, 4.67, 4.67, 4.42, 4.42, 18592000
11/20/19, 4.66, 4.66, 4.63, 4.64, 5943000
11/19/19, 4.69, 4.69, 4.63, 4.65, 11901000
11/18/19, 4.65, 4.69, 4.62, 4.63, 6465000
11/15/19, 4.63, 4.69, 4.63, 4.65, 15587000
11/14/19, 4.70, 4.70, 4.62, 4.62, 14588000
11/13/19, 4.65, 4.70, 4.65, 4.70, 6790000
11/12/19, 4.70, 4.75, 4.64, 4.64, 18035000
11/11/19, 4.68, 4.78, 4.66, 4.66, 7772000
11/08/19, 4.83, 4.85, 4.65, 4.65, 36384000
11/07/19, 4.83, 4.85, 4.78, 4.83, 13509000
11/06/19, 4.95, 4.96, 4.75, 4.75, 31931000
11/05/19, 4.91, 4.97, 4.91, 4.95, 12162000
11/04/19, 4.82, 4.95, 4.82, 4.90, 32251000
10/31/19, 4.80, 4.87, 4.73, 4.80, 28484000
10/30/19, 4.79, 4.80, 4.77, 4.80, 20834000
10/29/19, 4.88, 4.88, 4.78, 4.79, 39957000
10/28/19, 4.91, 4.95, 4.84, 4.90, 19512000
10/25/19, 4.97, 4.97, 4.86, 4.90, 31243000
10/24/19, 4.90, 4.95, 4.89, 4.95, 19441000
10/23/19, 4.99, 5.02, 4.81, 4.90, 22703000
10/22/19, 4.90, 5.00, 4.89, 4.99, 26230000
10/21/19, 4.85, 4.90, 4.83, 4.90, 15515000
10/18/19, 4.90, 4.94, 4.81, 4.85, 37069000
10/17/19, 5.01, 5.01, 4.87, 4.91, 24193000
10/16/19, 4.90, 5.03, 4.87, 4.95, 68679000
10/15/19, 5.19, 5.19, 4.72, 4.90, 73168305
10/14/19, 5.10, 5.20, 5.02, 5.06, 60339000
10/11/19, 4.88, 5.00, 4.85, 4.95, 11353000
10/10/19, 4.83, 4.90, 4.83, 4.88, 7290000
10/09/19, 4.90, 4.95, 4.76, 4.83, 6077000
10/08/19, 4.88, 5.03, 4.87, 4.94, 12371000
10/07/19, 4.91, 4.91, 4.78, 4.88, 18272000
10/04/19, 4.72, 4.91, 4.70, 4.91, 15116000
10/03/19, 4.84, 4.87, 4.68, 4.72, 18229000
10/02/19, 4.94, 4.94, 4.79, 4.83, 8754000
10/01/19, 4.99, 4.99, 4.88, 4.92, 11238000
09/30/19, 4.89, 5.10, 4.82, 4.98, 29044000
09/27/19, 4.95, 5.00, 4.82, 4.89, 12158000
09/26/19, 4.91, 5.00, 4.89, 4.94, 7100000
09/25/19, 4.98, 5.00, 4.80, 4.92, 18339400
09/24/19, 4.99, 5.01, 4.93, 5.00, 8230000
09/23/19, 5.00, 5.02, 4.91, 4.99, 10189700
09/20/19, 5.07, 5.09, 5.00, 5.01, 36678199
09/19/19, 5.06, 5.12, 5.06, 5.07, 14089700
09/18/19, 5.04, 5.12, 4.99, 5.06, 14007400
09/17/19, 5.09, 5.09, 5.02, 5.05, 9646600
09/16/19, 5.13, 5.15, 5.05, 5.11, 12175600
09/13/19, 5.20, 5.22, 5.13, 5.14, 25764600
09/12/19, 5.11, 5.22, 5.10, 5.15, 17255500
09/11/19, 5.10, 5.16, 5.10, 5.10, 16823500
09/10/19, 5.15, 5.16, 5.05, 5.11, 13307500
09/09/19, 5.20, 5.21, 5.11, 5.16, 14797900
09/06/19, 5.26, 5.28, 5.15, 5.20, 28161301
09/05/19, 5.12, 5.28, 5.12, 5.23, 109882000
09/04/19, 4.91, 4.99, 4.85, 4.99, 16576000
09/03/19, 4.98, 4.99, 4.87, 4.90, 6113000
09/02/19, 4.95, 5.02, 4.92, 4.98, 16431000
08/30/19, 4.89, 5.00, 4.87, 4.95, 44553000
08/29/19, 4.85, 4.87, 4.77, 4.83, 25579000
08/28/19, 4.90, 4.92, 4.83, 4.84, 36954000
08/27/19, 4.98, 4.99, 4.80, 4.87, 43717000
08/23/19, 5.05, 5.07, 4.90, 4.98, 24356801
08/22/19, 5.00, 5.24, 4.99, 5.05, 48730898
08/20/19, 5.09, 5.09, 4.96, 5.00, 46476602
08/19/19, 4.80, 5.14, 4.78, 5.10, 103207000
08/16/19, 4.64, 4.80, 4.57, 4.80, 39006000
08/15/19, 4.47, 4.65, 4.37, 4.63, 22889000
08/14/19, 4.60, 4.69, 4.50, 4.50, 13427000
08/13/19, 4.64, 4.64, 4.47, 4.60, 19168000
08/09/19, 4.73, 4.75, 4.61, 4.61, 9504000
08/08/19, 4.60, 4.79, 4.60, 4.76, 14282000
08/07/19, 4.58, 4.65, 4.53, 4.64, 13142000
08/06/19, 4.58, 4.64, 4.47, 4.60, 32549000
08/05/19, 4.80, 4.80, 4.59, 4.60, 35212000
08/02/19, 4.78, 4.80, 4.71, 4.80, 19608000
08/01/19, 4.80, 4.81, 4.72, 4.78, 15169000
07/31/19, 4.82, 4.83, 4.78, 4.80, 13944000
07/30/19, 4.79, 4.86, 4.78, 4.81, 26771000
07/29/19, 4.75, 4.80, 4.70, 4.78, 15537000
07/26/19, 4.79, 4.80, 4.72, 4.75, 13368000
07/25/19, 4.79, 4.80, 4.71, 4.80, 16996000
07/24/19, 4.77, 4.80, 4.77, 4.79, 10486000
07/23/19, 4.79, 4.80, 4.75, 4.80, 12312000
07/22/19, 4.72, 4.79, 4.71, 4.79, 7750000
07/19/19, 4.77, 4.79, 4.71, 4.79, 24044000
07/18/19, 4.75, 4.76, 4.72, 4.75, 10601000
07/17/19, 4.70, 4.76, 4.70, 4.74, 11256000
07/16/19, 4.81, 4.82, 4.67, 4.67, 40657000
07/15/19, 4.79, 4.83, 4.77, 4.80, 17509000
07/12/19, 4.82, 4.86, 4.78, 4.78, 41149000
07/11/19, 4.80, 4.83, 4.79, 4.80, 16183000
07/10/19, 4.77, 4.82, 4.75, 4.80, 25685000
07/09/19, 4.78, 4.78, 4.72, 4.78, 24348000
07/08/19, 4.78, 4.79, 4.74, 4.78, 18382000
07/05/19, 4.80, 4.82, 4.74, 4.78, 14644000
07/04/19, 4.87, 4.87, 4.80, 4.80, 17697000
07/03/19, 4.86, 4.88, 4.85, 4.87, 19052000
07/02/19, 4.86, 4.86, 4.82, 4.85, 16003000
07/01/19, 4.80, 4.87, 4.80, 4.84, 17133000
06/28/19, 4.82, 4.82, 4.77, 4.80, 29890000
06/27/19, 4.83, 4.83, 4.77, 4.81, 15722000
06/26/19, 4.84, 4.84, 4.78, 4.83, 12399000
06/25/19, 4.88, 4.89, 4.80, 4.84, 31480000
06/24/19, 4.78, 4.88, 4.78, 4.86, 45499000
06/21/19, 4.78, 4.87, 4.76, 4.77, 93371000
06/20/19, 4.59, 4.77, 4.56, 4.72, 37685000
06/19/19, 4.59, 4.59, 4.52, 4.58, 6462000
06/18/19, 4.60, 4.60, 4.54, 4.56, 14992000
06/17/19, 4.63, 4.64, 4.58, 4.58, 10668000
06/14/19, 4.67, 4.67, 4.55, 4.58, 13009000
06/13/19, 4.65, 4.69, 4.60, 4.65, 18703000
06/11/19, 4.56, 4.69, 4.56, 4.64, 26605000
06/10/19, 4.49, 4.56, 4.47, 4.56, 31184000
06/07/19, 4.43, 4.46, 4.37, 4.45, 13261000
06/06/19, 4.49, 4.55, 4.36, 4.43, 33470000
06/04/19, 4.60, 4.60, 4.47, 4.48, 25267000
06/03/19, 4.48, 4.58, 4.40, 4.55, 42095000
05/31/19, 4.44, 4.50, 4.35, 4.50, 23475000
05/30/19, 4.34, 4.48, 4.34, 4.44, 20216000
05/29/19, 4.33, 4.43, 4.31, 4.33, 15908000
05/28/19, 4.30, 4.41, 4.27, 4.32, 96675000
05/27/19, 4.32, 4.33, 4.28, 4.30, 5180000
05/24/19, 4.36, 4.37, 4.30, 4.32, 9265000
05/23/19, 4.44, 4.44, 4.33, 4.36, 14737000
05/22/19, 4.36, 4.49, 4.30, 4.44, 28965000
05/21/19, 4.34, 4.38, 4.32, 4.34, 18631000
05/20/19, 4.25, 4.33, 4.25, 4.33, 9243000
05/17/19, 4.21, 4.30, 4.21, 4.25, 24343000
05/16/19, 4.20, 4.21, 4.19, 4.20, 65488000
05/15/19, 4.20, 4.25, 4.20, 4.20, 10549000
05/14/19, 4.26, 4.27, 4.11, 4.17, 28419000
05/10/19, 4.23, 4.30, 4.23, 4.29, 9973000
05/09/19, 4.26, 4.28, 4.20, 4.20, 38118000
05/08/19, 4.29, 4.32, 4.22, 4.23, 28381000
05/07/19, 4.32, 4.39, 4.28, 4.29, 15341000
05/06/19, 4.40, 4.43, 4.22, 4.25, 43601000
05/03/19, 4.43, 4.51, 4.35, 4.35, 37814000
05/02/19, 4.59, 4.59, 4.35, 4.39, 31883000
04/30/19, 4.57, 4.57, 4.50, 4.57, 15898000
04/29/19, 4.57, 4.57, 4.50, 4.57, 27132000
04/26/19, 4.46, 4.57, 4.44, 4.57, 13938000
04/25/19, 4.40, 4.47, 4.40, 4.44, 23351000
04/24/19, 4.44, 4.47, 4.33, 4.40, 55146000
04/23/19, 4.49, 4.49, 4.41, 4.41, 28913000
04/22/19, 4.52, 4.54, 4.43, 4.46, 15702000
04/17/19, 4.47, 4.50, 4.43, 4.48, 33651000
04/16/19, 4.56, 4.58, 4.43, 4.45, 71717000
04/15/19, 4.62, 4.66, 4.55, 4.55, 19162000
04/12/19, 4.69, 4.70, 4.60, 4.60, 16220000
04/11/19, 4.70, 4.71, 4.66, 4.69, 15424000
04/10/19, 4.74, 4.75, 4.67, 4.70, 13794000
04/08/19, 4.60, 4.74, 4.60, 4.70, 23464000
04/05/19, 4.56, 4.65, 4.56, 4.58, 33586000
04/04/19, 4.67, 4.71, 4.54, 4.55, 45158000
04/03/19, 4.72, 4.74, 4.64, 4.67, 26008000
04/02/19, 4.73, 4.79, 4.69, 4.71, 17874000
04/01/19, 4.85, 4.85, 4.70, 4.71, 29455000
03/29/19, 4.79, 4.86, 4.77, 4.85, 30553000
03/28/19, 4.74, 4.80, 4.71, 4.79, 26995000
03/27/19, 4.83, 4.83, 4.71, 4.72, 25867000
03/26/19, 4.84, 4.86, 4.79, 4.84, 13087000
03/25/19, 4.91, 4.91, 4.73, 4.85, 21668000
03/22/19, 4.87, 4.96, 4.86, 4.92, 35504000
03/21/19, 4.87, 4.94, 4.85, 4.86, 20339000
03/20/19, 4.90, 4.91, 4.85, 4.86, 12348000
03/19/19, 4.91, 4.96, 4.91, 4.92, 10790000
03/18/19, 4.94, 4.95, 4.86, 4.90, 18302000
03/15/19, 4.90, 4.94, 4.85, 4.94, 99172000
03/14/19, 4.94, 4.94, 4.90, 4.90, 19121000
03/13/19, 4.94, 4.97, 4.89, 4.94, 9304000
03/12/19, 4.87, 4.95, 4.87, 4.94, 10778000
03/11/19, 4.92, 4.97, 4.85, 4.85, 11838000
03/08/19, 4.97, 4.97, 4.91, 4.92, 14307000
03/07/19, 4.98, 5.08, 4.96, 4.98, 45908000
03/06/19, 4.76, 5.04, 4.76, 4.96, 92588000
03/05/19, 4.60, 4.69, 4.60, 4.69, 14730000
03/04/19, 4.57, 4.63, 4.55, 4.57, 11944000
03/01/19, 4.76, 4.80, 4.55, 4.57, 40047000
02/28/19, 4.87, 4.87, 4.70, 4.70, 38149000
02/27/19, 4.89, 4.89, 4.85, 4.87, 4801000
02/26/19, 4.83, 4.90, 4.83, 4.89, 14074000
02/22/19, 4.77, 4.83, 4.75, 4.78, 5308000
02/21/19, 4.80, 4.84, 4.76, 4.76, 16850000
02/20/19, 4.75, 4.81, 4.72, 4.76, 13683000
02/19/19, 4.84, 4.86, 4.70, 4.70, 13194000
02/18/19, 4.80, 4.90, 4.80, 4.83, 3497000
02/15/19, 4.90, 4.91, 4.79, 4.79, 8137000
02/14/19, 4.87, 4.91, 4.83, 4.90, 25725000
02/13/19, 4.89, 4.91, 4.84, 4.85, 18120000
02/12/19, 4.95, 4.96, 4.88, 4.88, 21842000
02/11/19, 4.95, 4.96, 4.91, 4.93, 10199000
02/08/19, 4.94, 4.96, 4.91, 4.91, 11335000
02/07/19, 4.96, 4.98, 4.93, 4.94, 10161000
02/06/19, 4.94, 4.97, 4.92, 4.95, 16550000
02/04/19, 4.89, 4.93, 4.85, 4.89, 9349000
02/01/19, 4.87, 4.95, 4.85, 4.86, 14866000
01/31/19, 4.94, 4.99, 4.86, 4.86, 25155000
01/30/19, 4.95, 4.95, 4.85, 4.93, 18184000
01/29/19, 4.91, 4.95, 4.91, 4.94, 34864000
01/28/19, 4.98, 5.06, 4.87, 4.90, 32152000
01/25/19, 5.01, 5.02, 4.93, 4.95, 11079000
01/24/19, 4.87, 4.99, 4.86, 4.99, 16703000
01/23/19, 4.90, 4.92, 4.83, 4.86, 18387000
01/22/19, 4.96, 5.00, 4.86, 4.93, 24365000
01/21/19, 5.04, 5.18, 4.94, 4.96, 25503301
01/18/19, 4.99, 5.05, 4.98, 5.01, 23730000
01/17/19, 5.08, 5.12, 4.90, 4.97, 28923100
01/16/19, 5.08, 5.15, 5.01, 5.08, 19601801
01/15/19, 5.03, 5.08, 4.99, 5.08, 47066398
01/14/19, 4.99, 5.02, 4.99, 5.02, 29380000
01/11/19, 4.90, 5.00, 4.87, 4.96, 31638000
01/10/19, 4.78, 4.96, 4.77, 4.92, 29362000
01/09/19, 4.70, 4.76, 4.69, 4.74, 21376000
01/08/19, 4.79, 4.81, 4.62, 4.63, 29741000
01/07/19, 4.87, 4.92, 4.75, 4.75, 22156000
01/04/19, 4.75, 4.91, 4.71, 4.85, 36750000
01/03/19, 4.61, 4.75, 4.61, 4.75, 34839000
01/02/19, 4.65, 4.71, 4.61, 4.61, 12937000
12/28/18, 4.70, 4.76, 4.64, 4.64, 13847000
12/27/18, 4.63, 4.72, 4.60, 4.68, 11723000
12/26/18, 4.60, 4.63, 4.56, 4.60, 8011000
12/21/18, 4.60, 4.64, 4.60, 4.62, 21140000
12/20/18, 4.62, 4.70, 4.60, 4.60, 18144000
12/19/18, 4.65, 4.65, 4.60, 4.61, 16815000
12/18/18, 4.70, 4.74, 4.52, 4.56, 22620000
12/17/18, 4.76, 4.78, 4.70, 4.70, 12952000
12/14/18, 4.72, 4.80, 4.70, 4.77, 26170000
12/13/18, 4.80, 4.84, 4.69, 4.69, 25693000
12/12/18, 4.79, 4.83, 4.73, 4.77, 17298000
12/11/18, 4.76, 4.78, 4.68, 4.77, 23348000
12/10/18, 4.77, 4.77, 4.71, 4.77, 7752000
12/07/18, 4.78, 4.80, 4.75, 4.77, 22402000
12/06/18, 4.87, 4.87, 4.77, 4.82, 37272000
12/05/18, 4.86, 4.89, 4.77, 4.87, 64487000
12/04/18, 4.91, 5.05, 4.90, 4.94, 53016000
12/03/18, 4.75, 4.90, 4.74, 4.90, 70298000
11/29/18, 4.62, 4.72, 4.61, 4.70, 71194000
11/28/18, 4.61, 4.64, 4.56, 4.60, 38352000
11/27/18, 4.66, 4.68, 4.59, 4.60, 28488000
11/26/18, 4.73, 4.73, 4.65, 4.65, 18074000
11/23/18, 4.61, 4.72, 4.61, 4.69, 16461000
11/22/18, 4.61, 4.62, 4.58, 4.61, 14648000
11/21/18, 4.65, 4.66, 4.52, 4.61, 30747000
11/20/18, 4.65, 4.71, 4.57, 4.62, 31760000
11/19/18, 4.55, 4.68, 4.50, 4.65, 63628000
11/16/18, 4.55, 4.57, 4.49, 4.50, 41512000
11/15/18, 4.40, 4.53, 4.37, 4.49, 21773000
11/14/18, 4.40, 4.44, 4.35, 4.36, 20088000
11/13/18, 4.54, 4.54, 4.33, 4.33, 53154000
11/12/18, 4.69, 4.69, 4.54, 4.55, 28542000
11/09/18, 4.72, 4.75, 4.63, 4.75, 14590000
11/08/18, 4.80, 4.80, 4.68, 4.72, 25473000
11/07/18, 4.90, 4.90, 4.77, 4.86, 17571000
11/06/18, 4.95, 5.03, 4.81, 4.90, 14551000
11/05/18, 4.88, 4.98, 4.86, 4.90, 40584000
10/31/18, 4.80, 4.84, 4.74, 4.80, 48220000
10/30/18, 4.85, 4.85, 4.78, 4.80, 4704000
10/29/18, 4.79, 4.80, 4.77, 4.80, 13281000
10/26/18, 4.74, 4.80, 4.72, 4.77, 17944000
10/25/18, 4.80, 4.80, 4.65, 4.77, 27380000
10/24/18, 4.93, 4.94, 4.81, 4.81, 23046000
10/23/18, 5.05, 5.05, 4.92, 4.95, 5454000
10/22/18, 4.92, 5.06, 4.92, 5.05, 15157000
10/19/18, 4.98, 4.98, 4.88, 4.95, 11221800
10/18/18, 4.98, 5.02, 4.92, 5.02, 5676000
10/17/18, 4.87, 5.02, 4.87, 4.98, 21849000
10/16/18, 4.87, 4.89, 4.82, 4.84, 9944000
10/15/18, 4.95, 5.05, 4.82, 4.82, 16029000
10/12/18, 4.95, 4.98, 4.90, 4.94, 14153000
10/11/18, 4.96, 4.98, 4.88, 4.97, 24219199
10/10/18, 5.10, 5.11, 4.91, 5.06, 16247000
10/09/18, 4.95, 5.03, 4.86, 5.00, 11407000
10/08/18, 4.84, 5.02, 4.78, 4.95, 12677000
10/05/18, 4.85, 4.91, 4.76, 4.76, 7094000
10/04/18, 4.82, 4.86, 4.75, 4.85, 11396000
10/03/18, 4.70, 4.83, 4.69, 4.80, 20412000
10/02/18, 4.74, 4.74, 4.56, 4.69, 19715000
10/01/18, 4.75, 4.76, 4.65, 4.73, 15196000
09/28/18, 4.80, 4.90, 4.75, 4.75, 28175000
09/27/18, 4.69, 4.80, 4.61, 4.78, 32536000
09/26/18, 4.95, 4.97, 4.62, 4.65, 81426000
09/25/18, 4.95, 4.95, 4.87, 4.92, 13688000
09/24/18, 4.93, 5.03, 4.90, 4.90, 10130000
09/21/18, 4.98, 5.08, 4.92, 4.92, 45270801
09/20/18, 5.00, 5.06, 4.92, 5.00, 36341301
09/19/18, 5.18, 5.20, 4.86, 5.00, 31007500
09/18/18, 5.29, 5.33, 5.13, 5.18, 19248801
09/17/18, 5.28, 5.30, 5.24, 5.29, 18787000
09/14/18, 5.23, 5.30, 5.16, 5.28, 20290000
09/13/18, 5.11, 5.23, 5.10, 5.23, 13336200
09/12/18, 5.13, 5.24, 5.10, 5.10, 19409801
09/11/18, 5.35, 5.35, 5.11, 5.15, 17322900
09/10/18, 5.30, 5.35, 5.11, 5.35, 13627300
09/07/18, 5.10, 5.28, 5.05, 5.27, 23682500
09/06/18, 5.30, 5.32, 5.05, 5.05, 29998801
09/05/18, 5.50, 5.52, 5.25, 5.33, 34139102
09/04/18, 5.44, 5.56, 5.44, 5.54, 26416900
09/03/18, 5.45, 5.47, 5.36, 5.45, 18890900
08/31/18, 5.48, 5.49, 5.32, 5.45, 53644500
08/30/18, 5.26, 5.50, 5.26, 5.50, 67002203
08/29/18, 5.05, 5.33, 5.02, 5.22, 78105203
08/28/18, 5.10, 5.13, 5.02, 5.06, 23746500
08/24/18, 5.05, 5.06, 4.94, 5.02, 12675900
08/23/18, 4.95, 5.10, 4.91, 5.10, 20957000
08/22/18, 4.82, 4.88, 4.81, 4.84, 14011000
08/20/18, 4.93, 4.93, 4.82, 4.82, 8117000
08/17/18, 4.85, 4.93, 4.84, 4.89, 11636000
08/16/18, 4.73, 4.84, 4.70, 4.82, 21484000
08/15/18, 4.78, 4.86, 4.71, 4.73, 8564000
08/14/18, 4.88, 4.88, 4.78, 4.78, 14397000
08/13/18, 4.98, 4.98, 4.80, 4.89, 17912000
08/10/18, 5.00, 5.03, 4.96, 4.98, 19595000
08/09/18, 5.08, 5.13, 4.90, 4.99, 23158400
08/08/18, 5.01, 5.10, 5.01, 5.08, 17406900
08/07/18, 5.13, 5.15, 5.01, 5.01, 16068500
08/06/18, 5.03, 5.12, 5.00, 5.12, 27681199
08/03/18, 5.08, 5.10, 5.00, 5.03, 40514102
08/02/18, 4.86, 5.04, 4.85, 5.00, 40716000
08/01/18, 4.71, 4.87, 4.61, 4.85, 45968000
07/31/18, 4.71, 4.79, 4.69, 4.71, 67445000
07/30/18, 4.59, 4.69, 4.59, 4.69, 38048000
07/27/18, 4.59, 4.62, 4.46, 4.54, 62981000
07/26/18, 4.75, 4.79, 4.59, 4.59, 50441000
07/25/18, 4.58, 4.81, 4.55, 4.70, 42025000
07/24/18, 4.44, 4.56, 4.44, 4.51, 21783000
07/23/18, 4.35, 4.46, 4.32, 4.43, 19820000
07/20/18, 4.48, 4.48, 4.29, 4.30, 49562000
07/19/18, 4.60, 4.63, 4.42, 4.44, 30792000
07/18/18, 4.55, 4.64, 4.55, 4.60, 20391000
07/17/18, 4.43, 4.54, 4.43, 4.52, 13108000
07/16/18, 4.57, 4.57, 4.43, 4.43, 15923000
07/13/18, 4.55, 4.61, 4.53, 4.57, 13664000
07/12/18, 4.65, 4.66, 4.50, 4.50, 36236000
07/11/18, 4.64, 4.71, 4.63, 4.66, 21714000
07/10/18, 4.68, 4.68, 4.64, 4.64, 17972000
07/09/18, 4.67, 4.67, 4.63, 4.64, 24057000
07/06/18, 4.65, 4.66, 4.61, 4.63, 12099000
07/05/18, 4.68, 4.69, 4.61, 4.63, 29793000
07/04/18, 4.64, 4.69, 4.57, 4.68, 24201000
07/03/18, 4.62, 4.72, 4.61, 4.67, 9299000
07/02/18, 4.64, 4.64, 4.59, 4.62, 25119000
06/29/18, 4.59, 4.64, 4.54, 4.60, 26756000
06/28/18, 4.64, 4.65, 4.50, 4.50, 11991000
06/27/18, 4.54, 4.68, 4.50, 4.64, 19827000
06/26/18, 4.61, 4.63, 4.43, 4.50, 17636000
06/25/18, 4.72, 4.72, 4.52, 4.56, 34091000
06/22/18, 4.65, 4.72, 4.55, 4.59, 55405000
06/21/18, 4.74, 4.75, 4.62, 4.62, 24820000
06/20/18, 4.76, 4.80, 4.71, 4.74, 29523000
06/19/18, 4.75, 4.80, 4.60, 4.65, 25107000
06/18/18, 4.90, 4.90, 4.76, 4.82, 27355000
06/14/18, 4.90, 5.09, 4.83, 4.99, 65181000
06/13/18, 5.05, 5.05, 4.86, 4.97, 24712600
06/11/18, 5.06, 5.16, 5.02, 5.05, 21158400
06/08/18, 5.16, 5.16, 5.01, 5.01, 13295200
06/07/18, 5.13, 5.23, 5.05, 5.16, 28150199
06/06/18, 5.10, 5.12, 4.99, 5.11, 14538500
06/05/18, 5.05, 5.15, 5.05, 5.10, 34232398
06/04/18, 4.84, 5.03, 4.84, 5.03, 20887000
06/01/18, 4.66, 4.84, 4.66, 4.79, 40480000
05/31/18, 4.60, 4.77, 4.60, 4.65, 80883000
05/30/18, 4.70, 4.73, 4.53, 4.57, 29448000
05/29/18, 4.74, 4.78, 4.72, 4.72, 33103000
05/28/18, 4.82, 4.82, 4.71, 4.74, 20919000
05/25/18, 4.84, 4.86, 4.76, 4.77, 22173000
05/24/18, 4.80, 4.89, 4.76, 4.84, 18770000
05/23/18, 4.75, 4.84, 4.73, 4.75, 29863000
05/22/18, 4.86, 4.89, 4.70, 4.75, 29712000
05/21/18, 4.96, 5.05, 4.85, 4.85, 23063000
05/18/18, 5.10, 5.12, 4.85, 4.90, 28440301
05/17/18, 5.26, 5.26, 5.10, 5.10, 37730000
05/16/18, 5.35, 5.37, 5.12, 5.29, 55344898
05/15/18, 5.44, 5.49, 5.29, 5.40, 25074600
05/11/18, 5.41, 5.45, 5.26, 5.41, 29202500
05/10/18, 5.39, 5.41, 5.34, 5.38, 35319898
05/09/18, 5.23, 5.54, 5.20, 5.40, 35143602
05/08/18, 5.20, 5.25, 5.19, 5.21, 19854500
05/07/18, 5.12, 5.18, 5.12, 5.17, 16871301
05/04/18, 5.01, 5.12, 4.98, 5.10, 19211000
05/03/18, 5.20, 5.20, 4.98, 4.98, 43306102
05/02/18, 5.17, 5.29, 5.12, 5.20, 25645900
04/30/18, 4.90, 5.16, 4.85, 5.10, 59242000
04/27/18, 4.59, 4.92, 4.58, 4.82, 59384000
04/26/18, 4.54, 4.57, 4.46, 4.57, 25992000
04/25/18, 4.39, 4.58, 4.38, 4.44, 30316000
04/24/18, 4.46, 4.48, 4.31, 4.42, 33085000
04/23/18, 4.66, 4.68, 4.20, 4.48, 39668000
04/20/18, 4.70, 4.76, 4.60, 4.64, 28656000
04/19/18, 4.62, 4.76, 4.52, 4.61, 117019000
04/18/18, 4.65, 4.77, 4.64, 4.64, 46243000
04/17/18, 4.78, 4.78, 4.60, 4.61, 30420000
04/16/18, 5.00, 5.00, 4.73, 4.73, 33161000
04/13/18, 5.17, 5.21, 4.93, 4.93, 63431699
04/12/18, 5.18, 5.25, 5.12, 5.15, 19615500
04/11/18, 5.14, 5.25, 5.14, 5.18, 18072600
04/10/18, 5.28, 5.28, 5.13, 5.14, 30053801
04/06/18, 5.29, 5.36, 5.20, 5.20, 14118900
04/05/18, 5.36, 5.36, 5.22, 5.27, 16739600
04/04/18, 5.38, 5.41, 5.33, 5.33, 21121600
04/03/18, 5.31, 5.38, 5.31, 5.35, 58676602
04/02/18, 5.27, 5.40, 5.27, 5.35, 14993200
03/28/18, 5.30, 5.30, 5.22, 5.24, 26304801
03/27/18, 5.20, 5.33, 5.20, 5.24, 19205500
03/26/18, 5.24, 5.24, 5.14, 5.17, 11838100
03/23/18, 5.18, 5.23, 5.08, 5.20, 28277699
03/22/18, 5.31, 5.47, 5.23, 5.25, 34671199
03/21/18, 5.56, 5.56, 5.18, 5.27, 42786301
03/20/18, 5.54, 5.60, 5.45, 5.49, 44042801
03/19/18, 5.60, 5.61, 5.53, 5.55, 33077602
03/16/18, 5.58, 5.62, 5.54, 5.60, 36626801
03/15/18, 5.58, 5.59, 5.52, 5.59, 16943900
03/14/18, 5.55, 5.60, 5.50, 5.60, 20707500
03/13/18, 5.51, 5.59, 5.50, 5.53, 25932400
03/12/18, 5.80, 5.85, 5.47, 5.47, 49769199
03/09/18, 5.90, 5.95, 5.75, 5.75, 24339100
03/08/18, 5.75, 5.91, 5.75, 5.79, 38876000
03/07/18, 5.79, 5.79, 5.72, 5.75, 15435500
03/06/18, 5.73, 5.80, 5.68, 5.70, 38308801
03/05/18, 5.75, 5.76, 5.67, 5.73, 7637000
03/02/18, 5.63, 5.75, 5.58, 5.75, 10153500
03/01/18, 5.60, 5.69, 5.56, 5.63, 16887500
02/28/18, 5.74, 5.74, 5.57, 5.63, 43345699
02/27/18, 5.70, 5.72, 5.64, 5.72, 50423301
02/26/18, 5.76, 5.76, 5.64, 5.70, 15059100
02/23/18, 5.66, 5.78, 5.64, 5.75, 25489500
02/22/18, 5.87, 5.87, 5.63, 5.63, 48798801
02/21/18, 5.90, 5.90, 5.82, 5.85, 50303898
02/20/18, 6.05, 6.07, 5.79, 5.85, 61556699
02/19/18, 5.88, 6.06, 5.86, 6.05, 33026898
02/15/18, 5.75, 5.85, 5.36, 5.85, 101906797
02/14/18, 6.15, 6.15, 5.55, 5.60, 79031000
02/13/18, 6.18, 6.22, 6.11, 6.13, 33068102
02/12/18, 6.21, 6.26, 6.15, 6.18, 16703000
02/09/18, 6.21, 6.25, 6.12, 6.19, 16169100
02/08/18, 6.37, 6.40, 6.28, 6.40, 10735400
02/07/18, 6.35, 6.38, 6.27, 6.35, 16313000
02/06/18, 6.10, 6.30, 6.00, 6.30, 23748801
02/05/18, 6.40, 6.40, 6.12, 6.13, 36745000
02/02/18, 6.50, 6.59, 6.42, 6.46, 24740801
02/01/18, 6.50, 6.64, 6.49, 6.50, 11502400
01/31/18, 6.50, 6.52, 6.41, 6.46, 25079801
01/30/18, 6.64, 6.64, 6.50, 6.50, 26143801
01/29/18, 6.69, 6.72, 6.64, 6.65, 13903300
01/26/18, 6.68, 6.69, 6.66, 6.69, 5438100
01/25/18, 6.65, 6.70, 6.65, 6.70, 14224500
01/24/18, 6.80, 6.80, 6.64, 6.65, 10428500
01/23/18, 6.80, 6.81, 6.71, 6.81, 17668600
01/22/18, 6.80, 6.83, 6.77, 6.79, 11844400
01/19/18, 6.80, 6.80, 6.72, 6.80, 9234600
01/18/18, 6.74, 6.80, 6.72, 6.80, 17982801
01/17/18, 6.68, 6.80, 6.66, 6.73, 25475199
01/16/18, 6.56, 6.72, 6.56, 6.63, 20405100
01/15/18, 6.61, 6.69, 6.55, 6.55, 15533500
01/12/18, 6.62, 6.70, 6.55, 6.55, 12886000
01/11/18, 6.83, 6.83, 6.56, 6.61, 26581199
01/10/18, 6.70, 6.83, 6.68, 6.83, 11753200
01/09/18, 6.74, 6.85, 6.67, 6.67, 22122000
01/08/18, 6.71, 6.72, 6.66, 6.70, 12646400
01/05/18, 6.78, 6.78, 6.66, 6.66, 30101301
01/04/18, 6.78, 6.85, 6.62, 6.78, 24553699
01/03/18, 6.88, 6.91, 6.77, 6.78, 21978400
12/29/17, 6.82, 6.85, 6.78, 6.85, 22003699
12/28/17, 6.77, 6.82, 6.76, 6.80, 12399100
12/27/17, 6.73, 6.79, 6.73, 6.76, 11074300
12/22/17, 6.75, 6.75, 6.65, 6.73, 10229800
12/21/17, 6.70, 6.75, 6.58, 6.75, 37523199
12/20/17, 6.70, 6.74, 6.62, 6.71, 14360700
12/19/17, 6.65, 6.71, 6.65, 6.71, 16569900
12/18/17, 6.54, 6.65, 6.53, 6.62, 9841200
12/15/17, 6.70, 6.72, 6.49, 6.53, 60404500
12/14/17, 6.55, 6.70, 6.47, 6.70, 24628000
12/13/17, 6.56, 6.56, 6.43, 6.50, 9828200
12/12/17, 6.56, 6.58, 6.48, 6.51, 20624600
12/11/17, 6.45, 6.57, 6.45, 6.55, 18248301
12/08/17, 6.35, 6.41, 6.31, 6.40, 26569199
12/07/17, 6.45, 6.48, 6.31, 6.34, 22140100
12/06/17, 6.60, 6.60, 6.43, 6.43, 19213900
12/05/17, 6.49, 6.58, 6.46, 6.58, 8669700
12/04/17, 6.50, 6.56, 6.42, 6.45, 6910300
12/01/17, 6.60, 6.69, 6.43, 6.50, 19429900
11/29/17, 6.49, 6.70, 6.49, 6.70, 28312500
11/28/17, 6.68, 6.68, 6.47, 6.48, 18033500
11/27/17, 6.62, 6.69, 6.59, 6.69, 8265100
11/24/17, 6.67, 6.67, 6.60, 6.61, 28617400
11/23/17, 6.65, 6.69, 6.62, 6.67, 9799400
11/22/17, 6.65, 6.73, 6.65, 6.66, 19131699
11/21/17, 6.73, 6.73, 6.62, 6.65, 13716300
11/20/17, 6.69, 6.72, 6.61, 6.70, 14109500
11/17/17, 6.60, 6.70, 6.56, 6.69, 12711100
11/16/17, 6.70, 6.76, 6.53, 6.57, 35861699
11/15/17, 6.76, 6.79, 6.72, 6.75, 58313301
11/14/17, 6.72, 6.78, 6.72, 6.74, 21425699
11/13/17, 6.76, 6.80, 6.71, 6.73, 23484699
11/10/17, 6.85, 6.85, 6.74, 6.76, 29961400
11/09/17, 6.90, 6.94, 6.84, 6.85, 25873100
11/08/17, 6.80, 6.90, 6.77, 6.90, 29959900
11/07/17, 6.83, 6.88, 6.70, 6.75, 16148600
11/06/17, 6.77, 6.85, 6.77, 6.80, 29317100
11/03/17, 6.92, 6.93, 6.73, 6.74, 18616900
11/02/17, 6.73, 6.92, 6.71, 6.92, 12829700
10/30/17, 6.75, 6.85, 6.75, 6.80, 10279300
10/27/17, 6.67, 6.74, 6.64, 6.70, 19037199
10/26/17, 6.89, 6.89, 6.63, 6.64, 28874500
10/25/17, 6.83, 6.89, 6.75, 6.89, 12162600
10/24/17, 6.81, 6.90, 6.81, 6.83, 15032600
10/23/17, 6.90, 6.90, 6.80, 6.81, 17993500
10/20/17, 6.90, 6.90, 6.85, 6.89, 3143300
10/19/17, 6.84, 6.90, 6.77, 6.90, 6917100
10/18/17, 6.92, 6.92, 6.75, 6.81, 15570800
10/17/17, 6.90, 6.94, 6.87, 6.88, 24602801
10/13/17, 6.76, 6.87, 6.74, 6.85, 30876500
10/12/17, 6.78, 6.85, 6.73, 6.76, 34092801
10/11/17, 6.88, 6.94, 6.78, 6.80, 19707301
10/10/17, 6.88, 6.90, 6.87, 6.88, 15646300
10/09/17, 6.90, 6.94, 6.86, 6.88, 6166200
10/06/17, 6.91, 7.04, 6.88, 6.88, 27604900
10/05/17, 6.86, 6.91, 6.85, 6.90, 15476500
10/04/17, 6.85, 6.94, 6.83, 6.87, 15507800
10/03/17, 6.82, 6.89, 6.81, 6.81, 20637000
10/02/17, 6.72, 6.84, 6.72, 6.79, 12090100
09/29/17, 6.56, 6.74, 6.56, 6.70, 30862900
09/28/17, 6.77, 6.80, 6.55, 6.55, 36537801
09/27/17, 6.87, 6.90, 6.71, 6.77, 27715100
09/26/17, 6.94, 6.94, 6.77, 6.87, 21149400
09/25/17, 6.94, 6.98, 6.89, 6.95, 7785900
09/22/17, 6.96, 7.01, 6.92, 6.94, 9609500
09/21/17, 6.99, 7.08, 6.96, 6.96, 48783000
09/20/17, 6.88, 6.95, 6.88, 6.95, 19379699
09/19/17, 6.94, 7.02, 6.84, 6.88, 26659801
09/18/17, 6.79, 6.94, 6.78, 6.92, 19480600
09/15/17, 6.78, 6.85, 6.71, 6.79, 33145602
09/14/17, 6.81, 6.87, 6.77, 6.77, 46522500
09/13/17, 6.83, 6.94, 6.75, 6.79, 46653398
09/11/17, 6.78, 6.84, 6.78, 6.80, 20923400
09/08/17, 6.69, 6.80, 6.68, 6.76, 39060898
09/07/17, 6.65, 6.69, 6.56, 6.67, 23051500
09/06/17, 6.55, 6.63, 6.55, 6.63, 33411301
09/05/17, 6.54, 6.55, 6.50, 6.53, 17751801
09/04/17, 6.40, 6.50, 6.39, 6.50, 21046699
08/31/17, 6.45, 6.50, 6.35, 6.35, 15745300
08/30/17, 6.50, 6.59, 6.39, 6.45, 21128500
08/29/17, 6.60, 6.65, 6.49, 6.55, 12970700
08/25/17, 6.51, 6.60, 6.50, 6.60, 11887600
08/24/17, 6.60, 6.64, 6.50, 6.50, 15532300
08/23/17, 6.72, 6.73, 6.61, 6.62, 18836301
08/22/17, 6.71, 6.73, 6.65, 6.70, 16921100
08/18/17, 6.70, 6.74, 6.62, 6.70, 11464600
08/17/17, 6.70, 6.78, 6.60, 6.70, 22263600
08/16/17, 6.64, 6.67, 6.51, 6.62, 19804801
08/15/17, 6.60, 6.64, 6.55, 6.58, 10660800
08/14/17, 6.59, 6.60, 6.49, 6.54, 8010600
08/11/17, 6.65, 6.65, 6.45, 6.59, 14785100
08/10/17, 6.74, 6.74, 6.54, 6.65, 10283400
08/09/17, 6.80, 6.80, 6.69, 6.74, 14421100
08/08/17, 6.80, 6.80, 6.73, 6.75, 12368000
08/07/17, 6.75, 6.80, 6.73, 6.75, 11213600
08/04/17, 6.68, 6.75, 6.62, 6.69, 6432000
08/03/17, 6.69, 6.70, 6.62, 6.68, 10230900
08/02/17, 6.66, 6.77, 6.66, 6.66, 12003900
08/01/17, 6.77, 6.79, 6.65, 6.66, 8970400
07/31/17, 6.81, 6.87, 6.69, 6.79, 26044801
07/28/17, 6.86, 6.87, 6.80, 6.81, 14695000
07/27/17, 6.92, 6.93, 6.80, 6.80, 30297500
07/26/17, 6.90, 6.92, 6.88, 6.88, 40653602
07/25/17, 6.81, 6.98, 6.78, 6.84, 39709301
07/24/17, 6.66, 6.75, 6.66, 6.70, 5191300
07/21/17, 6.68, 6.75, 6.62, 6.65, 25815400
07/20/17, 6.84, 6.90, 6.67, 6.67, 26385000
07/19/17, 6.96, 6.98, 6.83, 6.85, 39294199
07/18/17, 6.72, 6.95, 6.72, 6.95, 62275602
07/17/17, 6.70, 6.77, 6.65, 6.71, 15190300
07/14/17, 6.70, 6.73, 6.66, 6.70, 19327699
07/13/17, 6.73, 6.79, 6.68, 6.70, 38631602
07/12/17, 6.62, 6.80, 6.61, 6.70, 58923500
07/11/17, 6.70, 6.70, 6.62, 6.62, 18903400
07/10/17, 6.71, 6.73, 6.62, 6.70, 18682900
07/07/17, 6.69, 6.80, 6.64, 6.70, 52562801
07/06/17, 6.43, 6.69, 6.42, 6.69, 46767000
07/05/17, 6.41, 6.43, 6.40, 6.43, 11380400
07/04/17, 6.45, 6.45, 6.37, 6.39, 9045800
07/03/17, 6.41, 6.45, 6.37, 6.45, 10451400
06/30/17, 6.33, 6.42, 6.28, 6.39, 48386199
06/29/17, 6.41, 6.43, 6.26, 6.37, 30511100
06/28/17, 6.31, 6.44, 6.28, 6.38, 27002199
06/27/17, 6.22, 6.33, 6.22, 6.31, 14591100
06/23/17, 6.18, 6.21, 6.18, 6.20, 10345800
06/22/17, 6.24, 6.26, 6.12, 6.15, 17073199
06/21/17, 6.16, 6.25, 6.15, 6.20, 13052500
06/20/17, 6.20, 6.26, 6.15, 6.15, 10896200
06/19/17, 6.21, 6.27, 6.18, 6.19, 12212200
06/16/17, 6.34, 6.36, 6.20, 6.20, 52403500
06/15/17, 6.34, 6.37, 6.24, 6.24, 19750199
06/14/17, 6.28, 6.34, 6.22, 6.25, 21586000
06/13/17, 6.19, 6.32, 6.19, 6.27, 24980100
06/09/17, 6.21, 6.26, 6.15, 6.19, 35099199
06/08/17, 6.17, 6.24, 6.13, 6.18, 45339000
06/07/17, 6.24, 6.29, 6.07, 6.15, 65400801
06/06/17, 6.42, 6.42, 6.21, 6.21, 28582600
06/05/17, 6.43, 6.47, 6.36, 6.36, 18476000
06/02/17, 6.42, 6.48, 6.37, 6.37, 26490500
06/01/17, 6.27, 6.44, 6.25, 6.42, 46493699
05/31/17, 6.35, 6.36, 6.21, 6.27, 60338102
05/30/17, 6.44, 6.44, 6.34, 6.35, 21541199
05/29/17, 6.50, 6.50, 6.44, 6.44, 11235900
05/26/17, 6.50, 6.58, 6.47, 6.49, 12290900
05/25/17, 6.53, 6.54, 6.49, 6.50, 26227199
05/24/17, 6.55, 6.59, 6.48, 6.53, 20244000
05/23/17, 6.61, 6.63, 6.56, 6.57, 23136000
05/22/17, 6.60, 6.70, 6.58, 6.59, 17837100
05/19/17, 6.48, 6.70, 6.48, 6.60, 17159301
05/18/17, 6.67, 6.67, 6.44, 6.52, 25879400
05/17/17, 6.70, 6.74, 6.63, 6.68, 21106301
05/16/17, 6.69, 6.75, 6.64, 6.67, 30437100
05/15/17, 6.59, 6.65, 6.50, 6.65, 11922300
05/12/17, 6.57, 6.60, 6.37, 6.60, 26417000
05/11/17, 6.59, 6.68, 6.53, 6.57, 15467200
05/10/17, 6.69, 6.70, 6.58, 6.58, 35138801
05/09/17, 6.70, 6.72, 6.66, 6.69, 19983400
05/08/17, 6.68, 6.75, 6.68, 6.70, 30907301
05/05/17, 6.62, 6.73, 6.60, 6.65, 38716398
05/04/17, 6.60, 6.65, 6.59, 6.60, 24088100
05/03/17, 6.65, 6.69, 6.59, 6.60, 15424000
05/02/17, 6.60, 6.67, 6.55, 6.65, 32858199
04/27/17, 6.66, 6.70, 6.58, 6.58, 27475900
04/26/17, 6.61, 6.69, 6.57, 6.68, 8665500
04/25/17, 6.56, 6.73, 6.54, 6.57, 32629301
04/24/17, 6.51, 6.58, 6.51, 6.54, 27819801
04/21/17, 6.50, 6.55, 6.50, 6.51, 19066900
04/20/17, 6.54, 6.54, 6.47, 6.50, 18489301
04/19/17, 6.49, 6.57, 6.40, 6.54, 15867200
04/18/17, 6.40, 6.49, 6.37, 6.49, 11126600
04/17/17, 6.48, 6.48, 6.33, 6.38, 14614800
04/12/17, 6.47, 6.51, 6.44, 6.48, 19481301
04/11/17, 6.43, 6.51, 6.43, 6.46, 20407000
04/10/17, 6.56, 6.56, 6.42, 6.42, 15530500
04/07/17, 6.40, 6.57, 6.40, 6.56, 34513500
04/06/17, 6.43, 6.49, 6.34, 6.42, 43153699
04/05/17, 6.13, 6.42, 6.13, 6.40, 54852699
04/04/17, 6.01, 6.13, 6.00, 6.09, 54868398
04/03/17, 6.08, 6.08, 5.99, 6.00, 42640301
03/31/17, 6.08, 6.08, 6.00, 6.02, 51399602
03/30/17, 6.10, 6.15, 6.06, 6.07, 46641199
03/29/17, 6.10, 6.17, 6.06, 6.06, 76205203
03/28/17, 6.03, 6.16, 6.02, 6.03, 32120301
03/27/17, 6.10, 6.10, 5.98, 6.02, 77985508
03/24/17, 6.18, 6.22, 6.03, 6.03, 83938797
03/23/17, 6.14, 6.16, 6.08, 6.11, 73415000
03/22/17, 6.20, 6.20, 6.00, 6.00, 95383695
03/21/17, 6.34, 6.37, 6.20, 6.20, 74298797
03/20/17, 6.49, 6.49, 6.25, 6.34, 67272797
03/17/17, 6.63, 6.63, 6.50, 6.50, 158932797
03/16/17, 6.70, 6.71, 6.63, 6.64, 31668301
03/15/17, 6.71, 6.71, 6.63, 6.67, 57110102
03/14/17, 6.66, 6.75, 6.66, 6.71, 44910699
03/13/17, 6.60, 6.70, 6.60, 6.65, 23075301
03/10/17, 6.69, 6.70, 6.57, 6.60, 20937900
03/09/17, 6.70, 6.74, 6.65, 6.65, 25963301
03/08/17, 6.78, 6.83, 6.68, 6.69, 16805199
03/07/17, 6.83, 6.87, 6.77, 6.78, 17019000
03/06/17, 6.90, 6.95, 6.78, 6.83, 32382199
03/03/17, 6.96, 6.96, 6.88, 6.88, 21331500
03/02/17, 6.90, 7.02, 6.86, 6.98, 43202500
03/01/17, 6.80, 6.98, 6.76, 6.90, 74960898
02/28/17, 6.85, 6.85, 6.70, 6.80, 58525199
02/27/17, 6.88, 6.92, 6.83, 6.85, 20685301
02/24/17, 6.85, 6.95, 6.84, 6.88, 33350000
02/23/17, 6.86, 6.89, 6.80, 6.85, 36531301
02/22/17, 6.81, 6.95, 6.81, 6.82, 57911801
02/21/17, 6.83, 6.84, 6.77, 6.80, 9917700
02/20/17, 6.80, 6.89, 6.79, 6.83, 12604600
02/17/17, 6.81, 6.91, 6.75, 6.80, 40156801
02/16/17, 6.68, 6.83, 6.68, 6.79, 17436600
02/15/17, 6.81, 6.83, 6.66, 6.67, 37695102
02/14/17, 6.84, 6.85, 6.80, 6.82, 15434600
02/13/17, 6.82, 6.84, 6.77, 6.80, 10017500
02/10/17, 6.84, 6.85, 6.77, 6.81, 32101699
02/09/17, 6.78, 6.89, 6.73, 6.84, 18491199
02/08/17, 6.70, 6.78, 6.68, 6.76, 24004500
02/07/17, 6.78, 6.78, 6.66, 6.69, 34638398
02/06/17, 6.64, 6.82, 6.64, 6.71, 45448199
02/03/17, 6.80, 6.83, 6.58, 6.62, 40614000
02/02/17, 6.86, 6.88, 6.71, 6.80, 19779900
02/01/17, 6.85, 6.86, 6.71, 6.86, 6159000
01/31/17, 6.74, 6.90, 6.70, 6.82, 18607100
01/30/17, 6.85, 6.97, 6.65, 6.65, 16964500
01/27/17, 6.80, 6.86, 6.77, 6.80, 37245301
01/26/17, 6.85, 6.89, 6.77, 6.80, 29491400
01/25/17, 6.92, 7.02, 6.80, 6.80, 31011900
01/24/17, 7.05, 7.05, 6.90, 6.90, 37426500
01/23/17, 6.86, 7.05, 6.86, 7.05, 12390500
01/20/17, 6.90, 6.90, 6.81, 6.84, 33398898
01/19/17, 6.78, 6.88, 6.76, 6.88, 16396801
01/18/17, 6.70, 6.81, 6.70, 6.78, 9864000
01/17/17, 6.82, 6.97, 6.70, 6.70, 23396301
01/16/17, 6.88, 6.92, 6.75, 6.80, 19819000
01/13/17, 6.95, 6.96, 6.85, 6.89, 9002500
01/12/17, 6.97, 7.12, 6.94, 6.95, 18825699
01/11/17, 6.98, 7.01, 6.92, 6.99, 16441100
01/10/17, 6.94, 7.10, 6.91, 7.10, 59862602
01/09/17, 6.91, 7.06, 6.87, 6.90, 22421600
01/06/17, 6.85, 6.93, 6.82, 6.91, 30149000
01/05/17, 6.70, 6.95, 6.70, 6.93, 38492398
01/04/17, 6.51, 6.87, 6.50, 6.87, 22256100
01/03/17, 6.60, 6.60, 6.34, 6.50, 15608500
12/29/16, 6.50, 6.68, 6.30, 6.66, 51067500
12/28/16, 6.40, 6.50, 6.30, 6.50, 31173100
12/27/16, 6.07, 6.38, 6.00, 6.38, 22112600
12/23/16, 6.16, 6.20, 5.90, 5.99, 49988199
12/22/16, 6.32, 6.39, 6.18, 6.18, 72868094
12/21/16, 6.07, 6.51, 6.06, 6.31, 59853898
12/20/16, 6.13, 6.13, 5.76, 6.06, 53214898
12/19/16, 6.32, 6.40, 6.10, 6.13, 24198900
12/16/16, 6.58, 6.58, 6.30, 6.30, 39924500
12/15/16, 6.42, 6.60, 6.30, 6.60, 10483100
12/14/16, 6.40, 6.50, 6.40, 6.48, 21415000
12/13/16, 6.30, 6.48, 6.27, 6.48, 14501700
12/12/16, 6.50, 6.56, 6.25, 6.25, 21191900
12/09/16, 6.40, 6.51, 6.40, 6.48, 25389801
12/08/16, 6.40, 6.50, 6.26, 6.40, 26019000
12/07/16, 6.45, 6.45, 6.27, 6.34, 17501900
12/06/16, 6.49, 6.60, 6.30, 6.45, 21409199
12/05/16, 6.52, 6.67, 6.40, 6.48, 24401600
12/02/16, 6.50, 6.53, 6.42, 6.50, 19534500
12/01/16, 6.39, 6.47, 6.24, 6.42, 52732199
11/29/16, 6.41, 6.46, 6.20, 6.20, 45907602
11/28/16, 6.65, 6.65, 6.36, 6.44, 18055500
11/25/16, 6.60, 6.62, 6.45, 6.60, 11260300
11/24/16, 6.43, 6.59, 6.40, 6.59, 22479100
11/23/16, 6.56, 6.70, 6.38, 6.44, 25432400
11/22/16, 6.63, 6.74, 6.55, 6.55, 14630600
11/21/16, 6.81, 6.90, 6.60, 6.61, 17892801
11/18/16, 6.85, 6.94, 6.74, 6.81, 16016700
11/17/16, 6.77, 6.96, 6.77, 6.84, 20828400
11/16/16, 6.68, 6.84, 6.68, 6.77, 17007400
11/15/16, 6.81, 6.95, 6.60, 6.61, 24342000
11/14/16, 6.80, 6.82, 6.65, 6.78, 25044000
11/11/16, 7.04, 7.04, 6.83, 6.83, 38235199
11/10/16, 7.11, 7.20, 6.99, 7.04, 27628000
11/09/16, 7.20, 7.23, 6.89, 6.98, 27299301
11/08/16, 7.00, 7.25, 7.00, 7.16, 25583699
11/07/16, 6.96, 7.06, 6.95, 6.95, 35484602
11/04/16, 6.84, 7.02, 6.80, 6.96, 25575400
11/03/16, 6.94, 6.94, 6.74, 6.84, 54814898
11/02/16, 7.19, 7.19, 6.88, 6.94, 41023500
10/28/16, 7.15, 7.20, 6.98, 7.20, 21113801
10/27/16, 7.19, 7.21, 7.11, 7.15, 26861500
10/26/16, 7.20, 7.23, 7.13, 7.20, 21584301
10/25/16, 7.18, 7.29, 7.17, 7.29, 35915699
10/24/16, 7.18, 7.28, 7.17, 7.25, 29084400
10/21/16, 7.21, 7.25, 7.15, 7.18, 10995600
10/20/16, 7.24, 7.30, 7.16, 7.22, 20384699
10/19/16, 7.12, 7.30, 7.12, 7.25, 56500898
10/18/16, 7.13, 7.16, 7.08, 7.10, 43848898
10/17/16, 7.11, 7.24, 7.08, 7.13, 16974000
10/14/16, 7.17, 7.17, 7.02, 7.11, 38104699
10/13/16, 6.98, 7.20, 6.91, 7.20, 39014102
10/12/16, 7.06, 7.07, 6.82, 7.03, 37211898
10/11/16, 7.18, 7.25, 7.05, 7.07, 32322301
10/10/16, 7.38, 7.39, 7.16, 7.19, 11467300